{"aayush garg": {"team1": 28.533333333333335, "team2": 38.53333333333333, "team3": 48.53333333333333, "team4": 22.533333333333335, "team5": 19.533333333333335}, "manya": {"team1": 30.333333333333332, "team2": 38.333333333333336, "team3": 28.333333333333332, "team4": 30.333333333333332, "team5": 30.333333333333332}, "manu": {"team1": 33.13333333333333, "team2": 15.133333333333333, "team3": 33.13333333333333, "team4": 43.13333333333333, "team5": 33.13333333333333}}