{"khiemnguyen@umass.edu": 1.1794871794871788, "rdp8172@gmail.com": 0.5128205128205122, "wmcnichols@umass.edu": 5, "aniruddha.pai@joinhandshake.com": -0.48717948717948784, "marius.mm.minea@gmail.com": -5, "thushchyn@umass.edu": 1.512820512820512, "jasminecai07@gmail.com": -2.4871794871794877, "jpgurav97@gmail.com": 5, "ronan.salz@gmail.com": -3.1538461538461546, "taqi@umass.edu": 2.5128205128205123, "richards@cs.umass.edu": -0.8205128205128212, "mtasnimoshim@umass.edu": -4.820512820512821, "guptaruchi2001@gmail.com": -0.48717948717948784}